version_id,gtin,pid,version,productName_en,productName_fr,currentStatus,memberCode,modifiedDateTime,rejectedStatus,brandName_en,brandName_fr,brandURL_en,ca_brandOwnerVersionCode_en,classificationCategoryCode_en,retailerCategoryCode,countryOfOrigin_en,gpcCode_en,nameOfBrandOwner_en,initialContentReceivedDate_en,manufacturer_en,packageSize_en,productURL_en,productImageThumbnailURL_en,productImageURL_en,last_modified_date,discontinuedDate,archiveDate,loadingOption,imageLocation,productURL_fr,last_modified_by,isDiscontinued,IsClaimSaved,isBovEmptyOnLoading,isDeleted,lastExportDate,certificationService,locationId,productType,gtinType,barCodeSymbology,size,sizeUOM,totalUnits_RetailPack,versionReason,delegateToTpId,LastETLValidatedDate,brandDistributionType
1,00031290035359,1,635292006138361338,GODIVA CHOCOLATIER CHOCOLATE DARK ALMONDS BAR,GODIVA CHOCOLATIER CHOCOLAT NOIR AMANDES BARRE,certified,,2013-04-05T21:12:26Z,0,GODIVA CHOCOLATIER,GODIVA CHOCOLATIER,,TEST BRAND OWNER VERSION CODE,,101402,,10000045,Chocolate factory,2009-12-17,,20 x 100 g,,,,636123208880419385,NULL,2016-10-17 00:00:00.0000000,7540000000707,00031290035359\1,,EE87EA3E-5329-410B-85C8-2B6948CCBA57,0,1,1,0,636592339409361107,NULL,NULL,EA,NULL,NULL,NULL,NULL,NULL,NULL,NULL,NULL,NULL
2,00031290035410,2,635292006140561464,GODIVA CHOCOLATE DARK 72% CACAO,GODIVA CHOCOLAT NOIR 72% CACAO,verified,,2013-09-25T14:04:29Z,0,GODIVA,GODIVA,,,,101402,,10000045,Cargill Limited,2011-12-09,,100 G,,,,636578281806173921,NULL,NULL,7540000000707,00031290035410\2,,6952C01A-9A65-4B17-86C6-EEA7D1E07EAC,0,0,1,0,636592303014889462,NULL,NULL,EA,NULL,NULL,NULL,NULL,NULL,NULL,NULL,NULL,NULL
3,00031290035434,3,635292006141101495,GODIVA CHOCOLATIER CHOCOLATE MILK BAR,GODIVA CHOCOLATIER CHOCOLAT LAIT BARRE,verified,,2013-04-05T21:11:50Z,0,GODIVA CHOCOLATIER,GODIVA CHOCOLATIER,,,,101402,,10000045,GODIVA CHOCOLATIER,2009-12-17,,100 g,,,,635292006141101495,NULL,NULL,7540000000707,00031290035434\3,,NULL,0,0,1,0,636592286121653225,NULL,NULL,EA,NULL,NULL,NULL,NULL,NULL,NULL,NULL,NULL,NULL
4,00031290037087,4,635292006141821536,GODIVA GEMS CHOCOLATE MILK TRUFFLES,GODIVA GEMS CHOCOLAT AU LAIT TRUFFES,verified,,2013-02-27T16:18:02Z,0,GODIVA GEMS,GODIVA GEMS,,,,101404,,10000045,Godiva Chocolatier,2010-04-05,,130 g,,,,635292006141821536,NULL,NULL,7540000000707,00031290037087\4,,NULL,0,0,1,0,636592286122153253,NULL,NULL,EA,NULL,NULL,NULL,NULL,NULL,NULL,NULL,NULL,NULL
5,00031290037094,5,635292006142341566,GODIVA CHOCOLATE GEMS DARK TRUFFLES,GODIVA CHOCOLAT GEMS NOIR TRUFFES,verified,,2013-02-27T16:15:33Z,0,GODIVA,GODIVA,,,,101404,,10000045,Godiva Chocolatier,2010-04-30,,130 g,,,,635292006142341566,NULL,NULL,7540000000707,00031290037094\5,,NULL,0,0,1,0,636592286122213257,NULL,NULL,EA,NULL,NULL,NULL,NULL,NULL,NULL,NULL,NULL,NULL
6,00031290037100,6,635292006142931600,GODIVA CHOCOLATIER GEMS MILK CHOCOLATE CARAMELS,GODIVA CHOCOLATIER GEMS CHOCOLAT AU LAIT CARAMELS,verified,,2013-04-05T21:12:58Z,0,GODIVA CHOCOLATIER GEMS,GODIVA CHOCOLATIER GEMS,,,,101203,,10000045,GODIVA CHOCOLATIER,2010-05-04,,102 g,,,,635292006142931600,NULL,NULL,7540000000707,00031290037100\6,,NULL,0,0,1,0,636592286122613280,NULL,NULL,EA,NULL,NULL,NULL,NULL,NULL,NULL,NULL,NULL,NULL
7,00031290037117,7,635292006143471631,GODIVA CHOCOLATIER GEMS DARK CHOCOLATE CARAMELS,GODIVA CHOCOLATIER GEMS CHOCOLAT NOIR CARAMELS,verified,,2013-02-27T16:16:53Z,0,GODIVA CHOCOLATIER GEMS,GODIVA CHOCOLATIER GEMS,,,,101403,,10000045,Godiva Chocolatier,2011-11-09,,102 g,,,,635292006143471631,NULL,NULL,7540000000707,00031290037117\7,,NULL,0,0,1,0,636592286122693284,NULL,NULL,EA,NULL,NULL,NULL,NULL,NULL,NULL,NULL,NULL,NULL
8,00033776011697,8,635292006150452030,EARTH BALANCE SPREAD BUTTERY FLAVOUR SOY FREE,EARTH BALANCE TARTINADE GOUT BEURRE SANS SOYA,verified,,2013-05-06T13:39:52Z,0,EARTH BALANCE,EARTH BALANCE,,,,200301,,10000168,Olivos del Sur S.A.,2013-04-11,,425 G,,,,635379107240962352,NULL,NULL,7540000000707,00033776011697\8,,6952C01A-9A65-4B17-86C6-EEA7D1E07EAC,0,0,1,0,636592354654053054,NULL,NULL,EA,NULL,NULL,NULL,NULL,NULL,NULL,NULL,NULL,NULL
9,00033776011727,9,635292006151192072,EARTH BALANCE SPREAD BUTTERY ORIGINAL,EARTH BALANCE TARTINADE BEURRE ORIGINALE,verified,,2013-02-25T15:17:31Z,0,EARTH BALANCE,EARTH BALANCE,,,,200301,,10005227,GS1 Canada,2011-06-20,,425 g,,,,635379110671398562,NULL,NULL,7540000000707,00033776011727\9,,6952C01A-9A65-4B17-86C6-EEA7D1E07EAC,0,0,1,0,636592338752613543,NULL,NULL,EA,NULL,NULL,NULL,NULL,NULL,NULL,NULL,NULL,NULL
10,00033776011840,10,635292006151732103,EARTH BALANCE SPREAD BUTTERY ORGANIC WHIPPED,EARTH BALANCE TARTINADE BEURRE BIOLOGIQUE FOUETTE,verified,,2013-02-25T15:22:32Z,0,EARTH BALANCE,EARTH BALANCE,,,,200301,,10005227,Chocolate factory,2011-06-20,,369 g,,,,636337344800588604,NULL,NULL,7540000000707,00033776011840\10,,E5870644-7FB2-45FD-9538-06CACE4455B0,0,1,1,0,636592339409481114,NULL,NULL,EA,NULL,NULL,NULL,NULL,NULL,NULL,981,NULL,NULL
11,00033776011857,11,635292006152332137,EARTH BALANCE SPREAD BUTTERY MEDITERRANEAN BLEND,EARTH BALANCE TARTINADE BEURRE MELANGE MEDITERRANE,verified,,2013-02-25T15:26:55Z,0,EARTH BALANCE,EARTH BALANCE,,,,200301,,10005227,Smart Balance Inc.,2011-06-20,,369 g,,,,635292006152332137,NULL,NULL,7540000000707,00033776011857\11,,NULL,0,0,1,0,636592286200547737,NULL,NULL,EA,NULL,NULL,NULL,NULL,NULL,NULL,NULL,NULL,NULL
12,00033776011956,12,635292006152832166,EARTH BALANCE SPREAD COCONUT ORGANIC,EARTH BALANCE TARTINADE NOIX COCO BIOLOGIQUE,verified,,2013-05-06T13:43:37Z,0,EARTH BALANCE,EARTH BALANCE,,,,200103,,10000168,Smart Balance Inc.,2013-04-11,,283 G,,,,635292006152832166,NULL,NULL,7540000000707,00033776011956\12,,NULL,0,0,1,0,636592286200607741,NULL,NULL,EA,NULL,NULL,NULL,NULL,NULL,NULL,NULL,NULL,NULL
13,00036669221517,13,635292006164302822,COOKED PERFECT BITES BREADED CHICKEN BUFFALO,COOKED PERFECT BITES BEIGNET POULET BUFFALO,certified,,2013-10-25T11:53:45Z,0,COOKED PERFECT BITES,COOKED PERFECT BITES,,72151-00,,300302,US,10005769,Home Market Foods,2013-10-09,Home Market Foods,397 G,http://www.cookedperfect.com,,,635292006164302822,NULL,NULL,7540000000707,00036669221517\13,,NULL,0,0,0,0,636592286234849699,NULL,NULL,EA,NULL,NULL,NULL,NULL,NULL,NULL,NULL,NULL,NULL
14,00036669221548,14,635292006165072866,COOKED PERFECT BITES BREADED CHICKEN CHEESY,COOKED PERFECT BITES BEIGNET POULET FROMAGE,certified,,2013-10-25T11:51:35Z,0,COOKED PERFECT BITES,COOKED PERFECT BITES,,72154-00,,300302,US,10005769,Home Market Foods,2013-10-09,Home Market Foods,397 G,http://www.cookedperfect.com,,,635292006165072866,NULL,NULL,7540000000707,00036669221548\14,,NULL,0,0,0,0,636592286235079712,NULL,NULL,EA,NULL,NULL,NULL,NULL,NULL,NULL,NULL,NULL,NULL
15,00036669221562,15,635292006165622898,COOKED PERFECT BITES BREADED CHICKEN BBQ HONEY,COOKED PERFECT BITES BEIGNET POULET BARBECUE MIEL,certified,,2013-10-25T11:47:48Z,0,COOKED PERFECT BITES,COOKED PERFECT BITES,,72156-00,,300302,US,10005769,Home Market Foods,2013-10-09,Home Market Foods,397 G,http://www.cookedperfect.com,,,635292006165622898,NULL,NULL,7540000000707,00036669221562\15,,NULL,0,0,0,0,636592286235139716,NULL,NULL,EA,NULL,NULL,NULL,NULL,NULL,NULL,NULL,NULL,NULL
16,00036669228394,16,635292006166192930,COOKED PERFECT MEATBALLS CHICKEN,COOKED PERFECT BOULETTES POULET,verified,,2013-10-25T12:02:57Z,0,COOKED PERFECT,COOKED PERFECT,,72839-00,,300601,,10005769,Home Market Foods,2013-10-09,Home Market Foods,680 G,http://www.cookedperfect.com,,,635672024291442187,NULL,NULL,7540000000707,00036669228394\16,,6952C01A-9A65-4B17-86C6-EEA7D1E07EAC,0,0,0,0,636592286235319726,NULL,NULL,EA,NULL,NULL,NULL,NULL,NULL,NULL,NULL,NULL,NULL
17,00036669228417,17,635292006166932973,COOKED PERFECT MEATBALLS ITALIAN,COOKED PERFECT BOULETTE DE VIANDE ITALIENNE,certified,,2013-10-25T11:57:05Z,0,COOKED PERFECT,COOKED PERFECT,,72841-00,,300301,US,10005767,Home Market Foods,2013-10-09,Home Market Foods,794 G,http://www.cookedperfect.com,,,635292006166932973,NULL,NULL,7540000000707,00036669228417\17,,NULL,0,0,0,0,636592286235379729,NULL,NULL,EA,NULL,NULL,NULL,NULL,NULL,NULL,NULL,NULL,NULL
18,00036669228424,18,635292006167473003,COOKED PERFECT MEATBALLS BEEF ANGUS,COOKED PERFECT BOULETTES BOEUF ANGUS,certified,,2013-10-25T11:59:05Z,0,COOKED PERFECT,COOKED PERFECT,,72842-00,,300601,US,10005767,Home Market Foods,2013-10-09,Home Market Foods,566 G,http://www.cookedperfect.com,,,635292006167473003,NULL,NULL,7540000000707,00036669228424\18,,NULL,0,0,0,0,636592286235569740,NULL,NULL,EA,NULL,NULL,NULL,NULL,NULL,NULL,NULL,NULL,NULL
19,00036669228431,19,635292006168023035,COOKED PERFECT MEATBALLS ITALIAN,COOKED PERFECT BOULETTES DE VIANDE ITALIENNE,certified,,2013-10-25T12:00:49Z,0,COOKED PERFECT,COOKED PERFECT,,72843-00,,300601,US,10005767,Home Market Foods,2013-10-09,Home Market Foods,794 G,http://www.cookedperfect.com,,,635292006168023035,NULL,NULL,7540000000707,00036669228431\19,,NULL,0,0,0,0,636592286235649745,NULL,NULL,EA,NULL,NULL,NULL,NULL,NULL,NULL,NULL,NULL,NULL
20,00036669261667,20,635292006168623069,COOKED PERFECT MEATBALLS SWEDISH,COOKED PERFECT BOULETTES DE VIANDE SUEDOIS,verified,,2013-06-28T19:29:21Z,0,COOKED PERFECT,COOKED PERFECT,,,,300601,US,10005767,Home Market Foods,2012-11-21,,907 G,,,,635672027631923251,NULL,NULL,7540000000707,00036669261667\20,,6952C01A-9A65-4B17-86C6-EEA7D1E07EAC,0,0,1,0,636592286235849756,NULL,NULL,EA,NULL,NULL,NULL,NULL,NULL,NULL,NULL,NULL,NULL
21,00039400035916,21,635292006176423515,BUSHS BEANS BAKED HOMESTYLE LOW FAT,BUSHS FEVES BACON RECETTE MAISON FAIBLE TENEUR EN,certified,,2013-05-23T13:46:05Z,0,BUSHS,BUSHS,,,,100701,,10000288,Bush Brothers &amp; Company,2009-06-12,,398 ml,,,,635292006176423515,NULL,NULL,7540000000707,00039400035916\21,,NULL,0,0,1,0,636592286488854227,NULL,NULL,EA,NULL,NULL,NULL,NULL,NULL,NULL,NULL,NULL,NULL
22,00039400036111,22,635292006177073553,BUSHS BEANS BAKED ORIGINAL,BUSHS FEVES BACON ORIGINALE,certified,,2013-05-24T19:13:44Z,0,BUSHS,BUSHS,,,,100701,,10000288,Bush Brothers &amp; Company,2009-06-12,,398 ml,,,,635292006177073553,NULL,NULL,7540000000707,00039400036111\22,,NULL,0,0,1,0,636592286489044238,NULL,NULL,EA,NULL,NULL,NULL,NULL,NULL,NULL,NULL,NULL,NULL
23,00039400036319,23,635292006177603583,BUSHS BEANS SWEET TANGY,BUSHS FEVES SUCREES AIGRES DOUCES,certified,,2013-05-24T19:14:10Z,0,BUSHS,BUSHS,,,,100701,,10000288,Bush Brothers &amp; Company,2012-04-18,,398 ML,,,,635292006177603583,NULL,NULL,7540000000707,00039400036319\23,,NULL,0,0,1,0,636592286489104242,NULL,NULL,EA,NULL,NULL,NULL,NULL,NULL,NULL,NULL,NULL,NULL
24,00039400039754,24,635292006178143614,BUSH BAKED BEANS BROWN SUGAR HICKORY,BUSH FEVE CASSONADE FUMEE NOYER,certified,,2013-05-24T19:13:31Z,0,BUSH,BUSH,,,,100701,,10000272,Bush Brothers &amp; Company,2013-02-19,,398 ML,,,,635292006178143614,NULL,NULL,7540000000707,00039400039754\24,,NULL,0,0,1,0,636592286489324254,NULL,NULL,EA,NULL,NULL,NULL,NULL,NULL,NULL,NULL,NULL,NULL
25,00054300001144,25,635292006182313852,FIRESIDE MARSHMALLOWS FAT FREE,FIRESIDE GUIMAUVES SANS GRAS,verified,,2014-01-10T18:40:15Z,0,FIRESIDE,FIRESIDE,,,,101303,,10000047,Doumak Inc.,2013-12-18,,250 G,,,,635292006182313852,NULL,NULL,7540000000707,00054300001144\25,,NULL,0,0,1,0,636592286897447598,NULL,NULL,EA,NULL,NULL,NULL,NULL,NULL,NULL,NULL,NULL,NULL
26,00054300080002,26,635292006182883885,CAMPFIRE MARSHMALLOWS GIANT ROASTED,CAMPFIRE GUIMAUVES GIANT ROASTED,certified,,2013-06-07T13:16:54Z,0,CAMPFIRE,CAMPFIRE,,,,104002,,10000312,Doumak Inc.,2011-12-09,,790 g,,,,635292006182883885,NULL,NULL,7540000000707,00054300080002\26,,NULL,0,0,1,0,636592286897527602,NULL,NULL,EA,NULL,NULL,NULL,NULL,NULL,NULL,NULL,NULL,NULL
27,00055200005140,27,635292006246967550,BARBOUR'S PEANUT BUTTER SMOOTH,BARBOUR'S BEURRE D'ARACHIDES CRÉMEUX,certified,,2013-07-02T14:37:17Z,0,BARBOUR'S,BARBOURS,,,,104102,,10000187,G.E. Barbour Inc.,2004-06-30,,500 g,,,,635292006246967550,NULL,NULL,7540000000707,00055200005140\27,,NULL,0,0,1,0,636592287108149649,NULL,NULL,EA,NULL,NULL,NULL,NULL,NULL,NULL,NULL,NULL,NULL
28,00055200005386,28,635292006247577585,BARBOUR'S BUTTER ALMOND,BARBOUR'S BEURRE D'AMANDE,certified,,2013-07-02T14:36:52Z,0,BARBOURS,BARBOURS,,,,104102,,10000280,G.E. Barbour Inc.,2005-02-09,,460 g,,,,635292006247577585,NULL,NULL,7540000000707,00055200005386\28,,NULL,0,0,1,0,636592287108279656,NULL,NULL,EA,NULL,NULL,NULL,NULL,NULL,NULL,NULL,NULL,NULL
29,00055200005393,29,635292006248147618,BARBOUR'S PEANUT BUTTER ORIGINAL,BARBOUR'S BEURRE D'ARACHIDES À L'ANCIENNE,certified,,2013-07-02T14:37:06Z,0,BARBOUR'S,BARBOURS,,,,104102,,10000187,G.E. Barbour Inc.,2006-04-18,,500 g,,,,635292006248147618,NULL,NULL,7540000000707,00055200005393\29,,NULL,0,0,1,0,636592287108399663,NULL,NULL,EA,NULL,NULL,NULL,NULL,NULL,NULL,NULL,NULL,NULL
30,00055200005645,30,635292006248637646,ACADIA BAKING POWDER,ACADIA POUDRE A PATE,certified,,2013-07-02T14:26:16Z,0,ACADIA,ACADIA,,,,100501,,10000158,G.E. BARBOUR INC.,2004-06-30,,225 g,,,,635292006248637646,NULL,NULL,7540000000707,00055200005645\30,,NULL,0,0,1,0,636592287108519670,NULL,NULL,EA,NULL,NULL,NULL,NULL,NULL,NULL,NULL,NULL,NULL
31,00055200101101,31,635292006249287683,KING COLE TEA ORANGE PEKOE 60S,KING COLE THE ORANGE PEKOE 60S,certified,,2013-08-06T14:28:23Z,0,KING COLE,KING COLE,,,,102901,,10000116,G.E. Barbour Inc.,2013-05-13,,227 G,,,,635292006249287683,NULL,NULL,7540000000707,00055200101101\31,,NULL,0,0,1,0,636592287108629676,NULL,NULL,EA,NULL,NULL,NULL,NULL,NULL,NULL,NULL,NULL,NULL
32,00055200103501,32,635292006249937720,KING COLE TEA ORANGE PEKOE 15S,KING COLE THE ORANGE PEKOE 15S,certified,,2013-07-03T12:21:57Z,0,KING COLE,KING COLE,,,,102901,,10000116,G.E. Barbour Inc.,2011-02-21,,48 g,,,,635292006249937720,NULL,NULL,7540000000707,00055200103501\32,,NULL,0,0,1,0,636592287108749683,NULL,NULL,EA,NULL,NULL,NULL,NULL,NULL,NULL,NULL,NULL,NULL
33,00055200103600,33,635292006250537754,KING COLE TEA ORANGE PEKOE 30S,KING COLE THE ORANGE PEKOE 30S,reload,,2013-07-02T17:54:17Z,1,KING COLE,KING COLE,,,,102901,,10000116,G.E. Barbour Inc.,2011-02-21,,97 g,,,,635292006250537754,NULL,NULL,7540000000707,00055200103600\33,,NULL,0,0,1,0,636592287108869690,NULL,NULL,EA,NULL,NULL,NULL,NULL,NULL,NULL,NULL,NULL,NULL
34,00055200106502,34,635292006251027782,KING COLE BARBOURS TEA ORANGE PEKOE LOOSE LEAF,KING COLEB BARBOURS THE ORANGE PEKOE FEUILLES,certified,,2013-08-06T14:26:56Z,0,KING COLE BARBOURS,KING COLEB BARBOURS,,,,102901,,10000116,G.E. Barbour Inc.,2013-07-08,,454 G,,,,635292006251027782,NULL,NULL,7540000000707,00055200106502\34,,NULL,0,0,1,0,636592287108979696,NULL,NULL,EA,NULL,NULL,NULL,NULL,NULL,NULL,NULL,NULL,NULL
35,00055200107554,35,635292006251617816,KING COLE BARBOURS GREEN TEA 48 BAGS,KING COLE BARBOURS THE VERT 48 SACHETS,certified,,2013-08-06T14:19:52Z,0,KING COLE BARBOURS,KING COLE BARBOURS,,,,102901,,10000116,G.E. Barbour Inc.,2013-07-08,,96 G,,,,635292006251617816,NULL,NULL,7540000000707,00055200107554\35,,NULL,0,0,1,0,636592287109099703,NULL,NULL,EA,NULL,NULL,NULL,NULL,NULL,NULL,NULL,NULL,NULL
36,00055200107615,36,635292006252207850,KING COLE BARBOURS TEA GREEN HONEY LEMON 48S,KING COLE BARBOURS THE VERT MIEL CITRON 48S,certified,,2013-08-06T14:26:15Z,0,KING COLE BARBOURS,KING COLE BARBOURS,,,,102901,,10000116,G.E. Barbour Inc.,2013-07-08,,96 G,,,,635292006252207850,NULL,NULL,7540000000707,00055200107615\36,,NULL,0,0,1,0,636592287109219710,NULL,NULL,EA,NULL,NULL,NULL,NULL,NULL,NULL,NULL,NULL,NULL
37,00055200107639,37,635292006252797884,KING COLE BARBOURS TEA GREEN DECAFFEINATED 48S,KING COLE BARBOURS THE VERT DECAFEINE 48S,certified,,2013-08-06T14:25:31Z,0,KING COLE BARBOURS,KING COLE BARBOURS,,,,102901,,10000116,G.E. Barbour Inc.,2013-07-08,,96 G,,,,635292006252797884,NULL,NULL,7540000000707,00055200107639\37,,NULL,0,0,1,0,636592287109339717,NULL,NULL,EA,NULL,NULL,NULL,NULL,NULL,NULL,NULL,NULL,NULL
38,00055200108018,38,635292006253387917,KING COLE BARBOURS TEA DECAFFEINATED GREEN APPLE C,KING COLE BARBOURS THE DECAFEINE VERT POMME CANNEB,certified,,2013-08-06T14:21:43Z,0,KING COLE BARBOURS,KING COLE BARBOURS,,,,102901,,10000116,G.E. Barbour Inc.,2013-07-08,,40 G,,,,635292006253387917,NULL,NULL,7540000000707,00055200108018\38,,NULL,0,0,1,0,636592287109449723,NULL,NULL,EA,NULL,NULL,NULL,NULL,NULL,NULL,NULL,NULL,NULL
39,00055200108025,39,635292006253977951,KING COLE BARBOURS TEA DECAFFEINATED CRANBERRY RAS,KING COLE BARBOURS THE DECAFEINE CANNBERGE FRAMBOI,certified,,2013-08-06T14:21:00Z,0,KING COLE BARBOURS,KING COLE BARBOURS,,,,102901,,10000116,G.E. Barbour Inc.,2013-07-08,,40 G,,,,635292006253977951,NULL,NULL,7540000000707,00055200108025\39,,NULL,0,0,1,0,636592287109569730,NULL,NULL,EA,NULL,NULL,NULL,NULL,NULL,NULL,NULL,NULL,NULL
40,00055200108032,40,635292006254517982,KING COLE TEA DECAFFEINATED GREEN EARL GREY 20S,KING COLE THE DECAFEINE VERT EARL GREY 20S,reload,,2013-07-02T14:03:29Z,1,KING COLE,KING COLE,,,,102901,,10000116,G.E. BARBOUR INC.,2009-11-27,,40 g,,,,635292006254517982,NULL,NULL,7540000000707,00055200108032\40,,NULL,0,0,1,0,636592287109689737,NULL,NULL,EA,NULL,NULL,NULL,NULL,NULL,NULL,NULL,NULL,NULL
41,00055200108049,41,635292006255108016,KING COLE BARBOURS TEA DECAFFEINATED HONEY LEMON 2,KING COLE BARBOURS THE DECAFEINE MIEL CITRON 20S,certified,,2013-08-06T14:23:11Z,0,KING COLE BARBOURS,KING COLE BARBOURS,,,,102901,,10000116,G.E. Barbour Inc.,2013-07-08,,40 G,,,,635292006255108016,NULL,NULL,7540000000707,00055200108049\41,,NULL,0,0,1,0,636592287109809744,NULL,NULL,EA,NULL,NULL,NULL,NULL,NULL,NULL,NULL,NULL,NULL
42,00055200108056,42,635292006255798055,KING COLE BARBOURS TEA DECAFFEINATED GREEN PEPPERM,KING COLE BARBOURS THE DECAFEINE VERT MENTHE POIVR,certified,,2013-08-06T14:22:27Z,0,KING COLE BARBOURS,KING COLE BARBOURS,,,,102901,,10000116,G.E. Barbour Inc.,2013-07-08,,40 G,,,,635292006255798055,NULL,NULL,7540000000707,00055200108056\42,,NULL,0,0,1,0,636592287109929751,NULL,NULL,EA,NULL,NULL,NULL,NULL,NULL,NULL,NULL,NULL,NULL
43,00055200108063,43,635292006256328086,KING COLE BARBOURS TEA ORANGE PEKOE 20S,KING COLE BARBOURS THE ORANGE PEKOE 20S,verified,,2013-08-01T13:42:13Z,0,KING COLE BARBOURS,KING COLE BARBOURS,,,,102901,,10000116,G.E. Barbour Inc.,2013-07-08,,40 G,,,,635292006256328086,NULL,NULL,7540000000707,00055200108063\43,,NULL,0,0,1,0,636592287110049758,NULL,NULL,EA,NULL,NULL,NULL,NULL,NULL,NULL,NULL,NULL,NULL
44,00055200108070,44,635292006256898118,KING COLE BARBOURS TEA DECAFFEINATED ORANGE PEKOE,KING COLE BARBOURS THE DECAFEINE ORANGE PEKOE 20S,certified,,2013-08-06T14:24:01Z,0,KING COLE BARBOURS,KING COLE BARBOURS,,,,102901,,10000116,G.E. Barbour Inc.,2013-07-08,,40 G,,,,635292006256898118,NULL,NULL,7540000000707,00055200108070\44,,NULL,0,0,1,0,636592287110179765,NULL,NULL,EA,NULL,NULL,NULL,NULL,NULL,NULL,NULL,NULL,NULL
45,00055200108100,45,635292006257468151,KING COLE BARBOURS TEA EARL GREY 20S,KING COLE BARBOURS THE EARL GREY 20S,certified,,2013-08-06T14:24:40Z,0,KING COLE BARBOURS,KING COLE BARBOURS,,,,102901,,10000116,G.E. Barbour Inc.,2013-07-08,,20 G,,,,635292006257468151,NULL,NULL,7540000000707,00055200108100\45,,NULL,0,0,1,0,636592287110299772,NULL,NULL,EA,NULL,NULL,NULL,NULL,NULL,NULL,NULL,NULL,NULL
46,00055200166308,46,635292006258068185,KING COLE TEA BAGS DECAFFEINATED 120S,KING COLE SACHETS DE THÉ DÉCAFÉINÉ120S,certified,,2013-07-02T14:37:54Z,0,KING COLE,KING COLE,,,,102901,,10000116,G.E. Barbour Inc.,2004-06-30,,288 g,,,,635292006258068185,NULL,NULL,7540000000707,00055200166308\46,,NULL,0,0,1,0,636592287110409778,NULL,NULL,EA,NULL,NULL,NULL,NULL,NULL,NULL,NULL,NULL,NULL
47,00055200249506,47,635292006258538212,KING COLE TEA BAGS ORANGE PEKOE DECAFFEINATED,KING COLE SACHET DE THÉ ORANGE PEKOE DÉCAFÉINÉ,reload,,2013-07-02T14:01:41Z,1,KING COLE,KING COLE,,,,102901,,10000116,G.E. Barbour Inc.,2004-06-30,,72 g,,,,635292006258538212,NULL,NULL,7540000000707,00055200249506\47,,NULL,0,0,1,0,636592287110539786,NULL,NULL,EA,NULL,NULL,NULL,NULL,NULL,NULL,NULL,NULL,NULL
48,00055200350400,48,635292006259068242,ATLANTIC CUMIN GROUND,ATLANTIC CUMIN MOULU,certified,,2013-07-02T14:29:00Z,0,ATLANTIC,ATLANTIC,,,,104301,,10000049,G.E. Barbour Inc.,2012-04-30,,20 G,,,,635292006259068242,NULL,NULL,7540000000707,00055200350400\48,,NULL,0,0,1,0,636592287110659793,NULL,NULL,EA,NULL,NULL,NULL,NULL,NULL,NULL,NULL,NULL,NULL
49,00055200350608,49,635292006259588272,ATLANTIC POWDER CURRY,ATLANTIC POUDRE DE CARI,certified,,2013-07-02T14:36:06Z,0,ATLANTIC,ATLANTIC,,,,104301,,10000049,G.E. Barbour Inc.,2012-04-30,,20 G,,,,635292006259588272,NULL,NULL,7540000000707,00055200350608\49,,NULL,0,0,1,0,636592287110779799,NULL,NULL,EA,NULL,NULL,NULL,NULL,NULL,NULL,NULL,NULL,NULL
50,00055200351001,50,635292006260118302,ATLANTIC CLOVES GROUND,ATLANTIC CLOU DE GIROFLE MOULU,certified,,2013-07-02T14:28:24Z,0,ATLANTIC,ATLANTIC,,,,104301,,10000049,G.E. Barbour Inc.,2012-04-30,,20 G,,,,635292006260118302,NULL,NULL,7540000000707,00055200351001\50,,NULL,0,0,1,0,636592287110899806,NULL,NULL,EA,NULL,NULL,NULL,NULL,NULL,NULL,NULL,NULL,NULL
51,00055200351100,51,635292006260638332,ATLANTIC M.S.G.,ATLANTIC M.S.G.,certified,,2013-07-02T14:34:55Z,0,ATLANTIC,ATLANTIC FRESHLOCK ZIPPER,,,,100501,,10000049,G.E. Barbour Inc.,2012-05-08,,50 G,,,,635292006260638332,NULL,NULL,7540000000707,00055200351100\51,,NULL,0,0,1,0,636592287111009813,NULL,NULL,EA,NULL,NULL,NULL,NULL,NULL,NULL,NULL,NULL,NULL
52,00055200351209,52,635292006261138361,ATLANTIC FRESHLOCK ZIPPER ONION MINCED,ATLANTIC FRESHLOCK ZIPPER OIGNON HACHE,certified,,2013-07-02T14:30:40Z,0,ATLANTIC FRESHLOCK ZIPPER,ATLANTIC FRESHLOCK ZIPPER,,,,104301,,10000049,G.E. Barbour Inc.,2012-05-14,,30 G,,,,635292006261138361,NULL,NULL,7540000000707,00055200351209\52,,NULL,0,0,1,0,636592287111149821,NULL,NULL,EA,NULL,NULL,NULL,NULL,NULL,NULL,NULL,NULL,NULL
53,00055200351407,53,635292006261658391,ATLANTIC PEPPER LEMON,ATLANTIC POIVRE AU CITRON,certified,,2013-07-02T14:35:53Z,0,ATLANTIC,ATLANTIC FRESHLOCK ZIPPER,,,,104301,,10000049,G.E. Barbour Inc.,2012-05-08,,25 G,,,,635292006261658391,NULL,NULL,7540000000707,00055200351407\53,,NULL,0,0,1,0,636592287111269827,NULL,NULL,EA,NULL,NULL,NULL,NULL,NULL,NULL,NULL,NULL,NULL
54,00055200351506,54,635292006262198421,ATLANTIC CREAM OF TARTAR,ATLANTIC CREME DE TARTRE,certified,,2013-07-02T14:28:09Z,0,ATLANTIC,ATLANTIC,,,,104301,,10000049,G.E. Barbour Inc.,2012-04-30,,40 G,,,,635292006262198421,NULL,NULL,7540000000707,00055200351506\54,,NULL,0,0,1,0,636592287111399835,NULL,NULL,EA,NULL,NULL,NULL,NULL,NULL,NULL,NULL,NULL,NULL
55,00055200352008,55,635292006262738452,ATLANTIC SALT GARLIC,ATLANTIC SEL D'AIL,certified,,2013-07-02T14:36:20Z,0,ATLANTIC,ATLANTIC,,,,104301,,10000049,G.E. Barbour Inc.,2012-04-30,,50 G,,,,635292006262738452,NULL,NULL,7540000000707,00055200352008\55,,NULL,0,0,1,0,636592287111519842,NULL,NULL,EA,NULL,NULL,NULL,NULL,NULL,NULL,NULL,NULL,NULL
56,00055200352206,56,635292006263298484,ATLANTIC FRESHLOCK ZIPPER SPICE PIZZA,ATLANTIC FRESHLOCK ZIPPER EPICE PIZZA,certified,,2013-07-02T14:30:27Z,0,ATLANTIC FRESHLOCK ZIPPER,ATLANTIC FRESHLOCK ZIPPER,,,,104301,,10000049,G.E. Barbour Inc.,2012-05-14,,10 G,,,,635292006263298484,NULL,NULL,7540000000707,00055200352206\56,,NULL,0,0,1,0,636592287111639849,NULL,NULL,EA,NULL,NULL,NULL,NULL,NULL,NULL,NULL,NULL,NULL
57,00055200352503,57,635292006263768511,ATLANTIC MUSTARD PURE DRY,ATLANTIC MOUTARDE PUR SÉCHE,certified,,2013-07-02T14:35:09Z,0,ATLANTIC,ATLANTIC FRESHLOCK ZIPPER,,,,104301,,10000049,G.E. Barbour Inc.,2012-05-08,,20 G,,,,635292006263768511,NULL,NULL,7540000000707,00055200352503\57,,NULL,0,0,1,0,636592287111759855,NULL,NULL,EA,NULL,NULL,NULL,NULL,NULL,NULL,NULL,NULL,NULL
58,00055200353005,58,635292006264688564,ATLANTIC FRESHLOCK ZIPPER SALT ONION,ATLANTIC FRESHLOCK ZIPPER SEL OIGNON,certified,,2013-07-02T14:33:18Z,0,ATLANTIC FRESHLOCK ZIPPER,ATLANTIC FRESHLOCK ZIPPER,,,,104301,,10000049,G.E. Barbour Inc.,2012-05-14,,55 G,,,,635292006264688564,NULL,NULL,7540000000707,00055200353005\58,,NULL,0,0,1,0,636592287111879862,NULL,NULL,EA,NULL,NULL,NULL,NULL,NULL,NULL,NULL,NULL,NULL
59,00055200354507,59,635292006265218594,ATLANTIC SPICE MONTREAL STEAK,ATLANTIC ÉPICE À BIFTECK MONTRÉAL,certified,,2013-07-02T14:28:39Z,0,ATLANTIC,ATLANTIC FRESHLOCK ZIPPER,,,,104301,,10000049,G.E. Barbour Inc.,2012-05-08,,45 G,,,,635292006265218594,NULL,NULL,7540000000707,00055200354507\59,,NULL,0,0,1,0,636592287111999869,NULL,NULL,EA,NULL,NULL,NULL,NULL,NULL,NULL,NULL,NULL,NULL
60,00055200356006,60,635292006265768626,ATLANTIC GARLIC GRANULATED,ATLANTIC AIL GRANULÉ,certified,,2013-07-02T14:27:21Z,0,ATLANTIC,ATLANTIC,,,,104301,,10000049,G.E. Barbour Inc.,2012-04-30,,50 G,,,,635292006265768626,NULL,NULL,7540000000707,00055200356006\60,,NULL,0,0,1,0,636592287112169879,NULL,NULL,EA,NULL,NULL,NULL,NULL,NULL,NULL,NULL,NULL,NULL
61,00055200356051,61,635292006266318657,ATLANTIC FRESHLOCK ZIPPER SPICE PICKLING,ATLANTIC FRESHLOCK ZIPPER EPICE MARINADE,certified,,2013-07-02T14:30:12Z,0,ATLANTIC FRESHLOCK ZIPPER,ATLANTIC FRESHLOCK ZIPPER,,,,104301,,10000284,G.E. Barbour Inc.,2012-05-14,,20 G,,,,635292006266318657,NULL,NULL,7540000000707,00055200356051\61,,NULL,0,0,1,0,636592287112279885,NULL,NULL,EA,NULL,NULL,NULL,NULL,NULL,NULL,NULL,NULL,NULL
62,00055200356204,62,635292006266848687,ATLANTIC SEED DILL,ATLANTIC GRAINES D'ANETH,certified,,2013-07-02T14:33:51Z,0,ATLANTIC,ATLANTIC,,,,104301,,10000049,G.E. Barbour Inc.,2012-04-30,,20 G,,,,635292006266848687,NULL,NULL,7540000000707,00055200356204\62,,NULL,0,0,1,0,636592287112399892,NULL,NULL,EA,NULL,NULL,NULL,NULL,NULL,NULL,NULL,NULL,NULL
63,00055200356303,63,635292006267368717,ATLANTIC MUSTARD SEED,ATLANTIC GRAINES DE MOUTARDE,certified,,2013-07-02T14:34:29Z,0,ATLANTIC,ATLANTIC FRESHLOCK ZIPPER,,,,104301,,10000049,G.E. Barbour Inc.,2012-05-08,,45 G,,,,635292006267368717,NULL,NULL,7540000000707,00055200356303\63,,NULL,0,0,1,0,636592287112519899,NULL,NULL,EA,NULL,NULL,NULL,NULL,NULL,NULL,NULL,NULL,NULL
64,00055200356501,64,635292006267878746,ATLANTIC ONION GRANULATED,ATLANTIC OIGNON GRANULÉ,certified,,2013-07-02T14:35:38Z,0,ATLANTIC,ATLANTIC FRESHLOCK ZIPPER,,,,104301,,10000049,G.E. Barbour Inc.,2012-05-08,,40 G,,,,635292006267878746,NULL,NULL,7540000000707,00055200356501\64,,NULL,0,0,1,0,636592287112649906,NULL,NULL,EA,NULL,NULL,NULL,NULL,NULL,NULL,NULL,NULL,NULL
65,00055200357003,65,635292006268388775,ATLANTIC CINNAMON,ATLANTIC CANNELLE,certified,,2013-07-02T14:27:39Z,0,ATLANTIC,ATLANTIC,,,,104301,,10000049,G.E. Barbour Inc.,2012-04-30,,25 G,,,,635292006268388775,NULL,NULL,7540000000707,00055200357003\65,,NULL,0,0,1,0,636592287112769913,NULL,NULL,EA,NULL,NULL,NULL,NULL,NULL,NULL,NULL,NULL,NULL
66,00055200357201,66,635292006268938807,ATLANTIC SUGAR CRYSTALS GREEN,ATLANTIC SUCRÉ CRISTAUX VERT,certified,,2013-07-02T14:36:32Z,0,ATLANTIC,ATLANTIC FRESHLOCK ZIPPER,,,,100501,,10000158,G.E. Barbour Inc.,2012-05-08,,50 G,,,,635292006268938807,NULL,NULL,7540000000707,00055200357201\66,,NULL,0,0,1,0,636592287112879920,NULL,NULL,EA,NULL,NULL,NULL,NULL,NULL,NULL,NULL,NULL,NULL
67,00055200357300,67,635292006269448836,ATLANTIC JIMMIES CHOCOLATE,ATLANTIC VERMICELLE AU CHOCOLAT,certified,,2013-07-02T14:34:41Z,0,ATLANTIC,ATLANTIC,,,,100501,,10000158,G.E. Barbour Inc.,2012-04-30,,45 G,,,,635292006269448836,NULL,NULL,7540000000707,00055200357300\67,,NULL,0,0,1,0,636592287113019928,NULL,NULL,EA,NULL,NULL,NULL,NULL,NULL,NULL,NULL,NULL,NULL
68,00055200357409,68,635292006269988867,ATLANTIC CAKE DECORATIONS,ATLANTIC DÉCORATION À GÂTEAUX,certified,,2013-07-02T14:27:00Z,0,ATLANTIC,ATLANTIC FRESHLOCK ZIPPER,,,,100501,,10000158,G.E. Barbour Inc.,2012-05-08,,45 G,,,,635292006269988867,NULL,NULL,7540000000707,00055200357409\68,,NULL,0,0,1,0,636592287113139934,NULL,NULL,EA,NULL,NULL,NULL,NULL,NULL,NULL,NULL,NULL,NULL
69,00055200357508,69,635292006270508897,ATLANTIC FRESHLOCK ZIPPER OREGANO LEAVES,ATLANTIC FRESHLOCK ZIPPER ORIGAN FEUILLES,certified,,2013-07-02T14:30:54Z,0,ATLANTIC FRESHLOCK ZIPPER,ATLANTIC FRESHLOCK ZIPPER,,,,104301,,10000049,G.E. Barbour Inc.,2012-05-14,,8 G,,,,635292006270508897,NULL,NULL,7540000000707,00055200357508\69,,NULL,0,0,1,0,636592287113259941,NULL,NULL,EA,NULL,NULL,NULL,NULL,NULL,NULL,NULL,NULL,NULL
70,00055200358000,70,635292006270988924,ATLANTIC FRESHLOCK ZIPPER PARSLEY,ATLANTIC FRESHLOCK ZIPPER PERSIL,certified,,2013-07-02T14:32:44Z,0,ATLANTIC FRESHLOCK ZIPPER,ATLANTIC FRESHLOCK ZIPPER,,,,104301,,10000049,G.E. Barbour Inc.,2012-05-14,,7 G,,,,635292006270988924,NULL,NULL,7540000000707,00055200358000\70,,NULL,0,0,1,0,636592287113419950,NULL,NULL,EA,NULL,NULL,NULL,NULL,NULL,NULL,NULL,NULL,NULL
71,00055200358505,71,635292006271468952,ATLANTIC GINGER,ATLANTIC GINGEMBRE,certified,,2013-07-02T14:33:37Z,0,ATLANTIC,ATLANTIC,,,,104301,,10000049,G.E. Barbour Inc.,2012-04-30,,25 G,,,,635292006271468952,NULL,NULL,7540000000707,00055200358505\71,,NULL,0,0,1,0,636592287113539957,NULL,NULL,EA,NULL,NULL,NULL,NULL,NULL,NULL,NULL,NULL,NULL
72,00055200359007,72,635292006271988981,ATLANTIC NUTMEG,ATLANTIC MUSCADE,certified,,2013-07-02T14:35:24Z,0,ATLANTIC,ATLANTIC FRESHLOCK ZIPPER,,,,104301,,10000049,G.E. Barbour Inc.,2012-05-08,,30 G,,,,635292006271988981,NULL,NULL,7540000000707,00055200359007\72,,NULL,0,0,1,0,636592287113659964,NULL,NULL,EA,NULL,NULL,NULL,NULL,NULL,NULL,NULL,NULL,NULL
73,00055200359502,73,635292006272479009,ATLANTIC FRESHLOCK ZIPPER PAPRIKA,ATLANTIC FRESHLOCK ZIPPER PAPRIKA,certified,,2013-07-02T14:32:29Z,0,ATLANTIC FRESHLOCK ZIPPER,ATLANTIC FRESHLOCK ZIPPER,,,,104301,,10000049,G.E. Barbour Inc.,2012-05-14,,30 G,,,,635292006272479009,NULL,NULL,7540000000707,00055200359502\73,,NULL,0,0,1,0,636592287113779971,NULL,NULL,EA,NULL,NULL,NULL,NULL,NULL,NULL,NULL,NULL,NULL
74,00055200359557,74,635292006272959037,ATLANTIC FRESHLOCK ZIPPER SEASONING DILL PICKLE PO,ATLANTIC FRESHLOCK ZIPPER ASSAISONNEMENT POPCORN C,certified,,2013-07-02T14:29:24Z,0,ATLANTIC FRESHLOCK ZIPPER,ATLANTIC FRESHLOCK ZIPPER,,,,104301,,10000049,G.E. Barbour Inc.,2012-05-14,,30 G,,,,635292006272959037,NULL,NULL,7540000000707,00055200359557\74,,NULL,0,0,1,0,636592287113899978,NULL,NULL,EA,NULL,NULL,NULL,NULL,NULL,NULL,NULL,NULL,NULL
75,00055200359564,75,635292006273479067,ATLANTIC FRESHLOCK ZIPPER SEASONING POPCORN SALT V,ATLANTIC FRESHLOCK ZIPPER ASSAISONNEMENT POPCORN S,certified,,2013-07-02T14:29:58Z,0,ATLANTIC FRESHLOCK ZIPPER,ATLANTIC FRESHLOCK ZIPPER,,,,104301,,10000284,G.E. Barbour Inc.,2012-05-14,,30 G,,,,635292006273479067,NULL,NULL,7540000000707,00055200359564\75,,NULL,0,0,1,0,636592287114019985,NULL,NULL,EA,NULL,NULL,NULL,NULL,NULL,NULL,NULL,NULL,NULL
76,00055200359571,76,635292006273919092,ATLANTIC FRESHLOCK ZIPPER SEASONING POPCORN WHITE,ATLANTIC FRESHLOCK ZIPPER ASSAISONNEMENT POPCORN C,certified,,2013-07-02T14:29:39Z,0,ATLANTIC FRESHLOCK ZIPPER,ATLANTIC FRESHLOCK ZIPPER,,,,104301,,10000049,G.E. Barbour Inc.,2012-05-14,,30 G,,,,635292006273919092,NULL,NULL,7540000000707,00055200359571\76,,NULL,0,0,1,0,636592287114129991,NULL,NULL,EA,NULL,NULL,NULL,NULL,NULL,NULL,NULL,NULL,NULL
77,00055270000014,77,635292006392835893,GRACE BEVERAGE MALT NON ALCOHOLIC,GRACE BOISSON MALTA NON ALCOOLIQUE,verified,,2013-04-04T15:34:18Z,0,GRACE,GRACE,,,,100202,,10000594,GRACE KENNEDY CO. LTD,2010-03-30,,341 ml,,,,635292006392835893,NULL,NULL,7540000000707,00055270000014\77,,NULL,0,0,1,0,636592287259528307,NULL,NULL,EA,NULL,NULL,NULL,NULL,NULL,NULL,NULL,NULL,NULL
78,00055270000076,78,635292006393425927,GRACE SAUSAGES HOT SPICY CHICKEN VIENNA,GRACE SAUCISSES PIQUANT EPICE VIENNOISES POULET,verified,,2013-04-04T20:57:38Z,0,GRACE,GRACE,,,,100902,,10005834,GRACE KENNEDY CO. LTD,2009-10-21,,113 g,,,,635292006393425927,NULL,NULL,7540000000707,00055270000076\78,,NULL,0,0,1,0,636592287259658315,NULL,NULL,EA,NULL,NULL,NULL,NULL,NULL,NULL,NULL,NULL,NULL
79,00055270842324,79,635292006393905955,GRACE ISLAND SODA BANANA DRINK,GRACE ISLAND SODA BOISSON BANANE,verified,,2013-02-22T20:10:25Z,0,GRACE ISLAND SODA,GRACE ISLAND SODA,,,,103001,,10000201,Grace Kennedy Co. Ltd,2011-06-20,,355 ml,,,,635292006393905955,NULL,NULL,7540000000707,00055270842324\79,,NULL,0,0,1,0,636592287263988562,NULL,NULL,EA,NULL,NULL,NULL,NULL,NULL,NULL,NULL,NULL,NULL
80,00055270842348,80,635292006394285976,GRACE ISLAND SODA CREAM SODA,GRACE ISLAND SODA SODA MOUSSE,verified,,2013-02-22T20:03:24Z,0,GRACE ISLAND SODA,GRACE ISLAND SODA,,,,103001,,10000201,Grace Kennedy Co. Ltd,2011-06-20,,355 ml,,,,635292006394285976,NULL,NULL,7540000000707,00055270842348\80,,NULL,0,0,1,0,636592287264108569,NULL,NULL,EA,NULL,NULL,NULL,NULL,NULL,NULL,NULL,NULL,NULL
81,00055270842355,81,635292006394675999,GRACE ISLAND SODA GINGER BEER,GRACE ISLAND SODA GINGEMBRE,verified,,2013-02-22T20:06:10Z,0,GRACE ISLAND SODA,GRACE ISLAND SODA,,,,103001,,10000201,Grace Kennedy Co. Ltd,2011-06-20,,355 ml,,,,635292006394675999,NULL,NULL,7540000000707,00055270842355\81,,NULL,0,0,1,0,636592287264228576,NULL,NULL,EA,NULL,NULL,NULL,NULL,NULL,NULL,NULL,NULL,NULL
82,00055270843024,82,635292006395096023,GRACE DRINK PINEAPPLE,GRACE BOISSON ANANAS,verified,,2013-04-04T15:35:31Z,0,GRACE,GRACE,,,,103001,,10000223,GRACE KENNEDY CO. LTD,2010-03-30,,2 L,,,,635292006395096023,NULL,NULL,7540000000707,00055270843024\82,,NULL,0,0,1,0,636592287264338582,NULL,NULL,EA,NULL,NULL,NULL,NULL,NULL,NULL,NULL,NULL,NULL
83,00055270853252,83,635292006395466044,GRACE MACKEREL TOMATO SAUCE HOT CHILI,GRACE MAQUEREAU SAUCE TOMATE CHILI,verified,,2013-04-04T16:43:57Z,0,GRACE,GRACE,,,,100803,,10000018,GRACE KENNEDY CO. LTD,2009-10-21,,155 g,,,,635292006395466044,NULL,NULL,7540000000707,00055270853252\83,,NULL,0,0,1,0,636592287322651918,NULL,NULL,EA,NULL,NULL,NULL,NULL,NULL,NULL,NULL,NULL,NULL
84,00055270853283,84,635292006395886068,GRACE SARDINES TOMATO SAUCE,GRACE SARDINES SAUCE TOMATE,verified,,2013-04-04T20:39:19Z,0,GRACE,GRACE,,,,100803,,10000018,GRACE KENNEDY CO. LTD,2009-10-21,,155 g,,,,635292006395886068,NULL,NULL,7540000000707,00055270853283\84,,NULL,0,0,1,0,636592287322761924,NULL,NULL,EA,NULL,NULL,NULL,NULL,NULL,NULL,NULL,NULL,NULL
85,00055270853313,85,635292006396296091,GRACE SARDINES IN TOMATO SAUCE HOT CHILI,GRACE SARDINES EN SAUCE TOMATE AVEC CHILI,verified,,2013-04-04T20:38:14Z,0,GRACE,GRACE,,,,100803,,10000018,GRACE KENNEDY CO. LTD,2010-03-30,,155 g,,,,635292006396296091,NULL,NULL,7540000000707,00055270853313\85,,NULL,0,0,1,0,636592287322871930,NULL,NULL,EA,NULL,NULL,NULL,NULL,NULL,NULL,NULL,NULL,NULL
86,00055270761519,86,635292006396696114,GRACE DRINK CARROT,GRACE BREUVAGE DE CAROTTES,verified,,2013-02-25T13:05:35Z,0,GRACE,GRACE,,,,103001,,10006252,Grace Kennedy Co. Ltd,2012-01-18,,540 ML,,,,635292006396696114,NULL,NULL,7540000000707,00055270761519\86,,NULL,0,0,1,0,636592287259778322,NULL,NULL,EA,NULL,NULL,NULL,NULL,NULL,NULL,NULL,NULL,NULL
87,00055270762028,87,635292006397146140,GRACE ACKEES SALT WATER,GRACE AKEES EAU SALEE,verified,,2013-04-04T15:31:17Z,0,GRACE,GRACE,,,,104701,,10000272,GRACE KENNEDY CO. LTD,2009-10-21,,540 ml,,,,635292006397146140,NULL,NULL,7540000000707,00055270762028\87,,NULL,0,0,1,0,636592287259908329,NULL,NULL,EA,NULL,NULL,NULL,NULL,NULL,NULL,NULL,NULL,NULL
88,00055270763018,88,635292006397786177,GRACE JELLY GUAVA,GRACE GELEE GOYAVE,verified,,2013-04-04T16:40:19Z,0,GRACE,GRACE,,,,104101,,10000217,GRACE KENNEDY CO. LTD,2010-03-30,,340 g,,,,635292006397786177,NULL,NULL,7540000000707,00055270763018\88,,NULL,0,0,1,0,636592287260058338,NULL,NULL,EA,NULL,NULL,NULL,NULL,NULL,NULL,NULL,NULL,NULL
89,00055270843031,89,635292006398346209,GRACE DRINK KOLA CHAMPAGNE,GRACE BOISSON CHAMPAGNE DES KOLAS,verified,,2013-04-04T15:36:31Z,0,GRACE,GRACE,,,,103001,,10000201,GRACE KENNEDY CO. LTD,2010-03-30,,2 L,,,,635292006398346209,NULL,NULL,7540000000707,00055270843031\89,,NULL,0,0,1,0,636592287264498592,NULL,NULL,EA,NULL,NULL,NULL,NULL,NULL,NULL,NULL,NULL,NULL
90,00055270844304,90,635292006398876239,GRACE SOUP MIX COCK SPICY,GRACE MELANGE DE SOUPE COQ PIMENTE,verified,,2013-04-04T17:12:30Z,0,GRACE,GRACE,,,,104202,,10000262,GRACE KENNEDY CO. LTD,2010-03-30,,43 g,,,,635292006398876239,NULL,NULL,7540000000707,00055270844304\90,,NULL,0,0,1,0,636592287264668601,NULL,NULL,EA,NULL,NULL,NULL,NULL,NULL,NULL,NULL,NULL,NULL
91,00055270853412,91,635292006399426270,GRACE CORNED BEEF HALAL,GRACE BOEUF SALÉ HALAL,verified,,2013-02-25T13:02:09Z,0,GRACE,GRACE,,,,100902,,10005767,Grace Kennedy Co. Ltd,2009-10-21,,340 g,,,,635292006399426270,NULL,NULL,7540000000707,00055270853412\91,,NULL,0,0,1,0,636592287322981937,NULL,NULL,EA,NULL,NULL,NULL,NULL,NULL,NULL,NULL,NULL,NULL
92,00055270855287,92,635292006400076308,GRACE OIL VIRGIN COCONUT,GRACE HUILE COCO VIERGE,verified,,2014-01-10T18:43:58Z,0,GRACE,GRACE,,,,103401,,10000040,Grace Kennedy Co. Ltd,2013-12-02,,500 ML,,,,635292006400076308,NULL,NULL,7540000000707,00055270855287\92,,NULL,0,0,1,0,636592287323101944,NULL,NULL,EA,NULL,NULL,NULL,NULL,NULL,NULL,NULL,NULL,NULL
93,00055270764015,93,635292006400756346,GRACE BROWNING CARAMEL,GRACE BROWNING CARAMEL,verified,,2013-02-25T12:52:52Z,0,GRACE,*GRACE,,,,104302,,10000057,Grace Kennedy Co. Ltd,2010-04-06,,142 ML,,,,635292006400756346,NULL,NULL,7540000000707,00055270764015\93,,NULL,0,0,1,0,636592287260188345,NULL,NULL,EA,NULL,NULL,NULL,NULL,NULL,NULL,NULL,NULL,NULL
94,00055270765012,94,635292006401386383,GRACE SYRUP STRABERRY,GRACE SIROP FRAISE,verified,,2013-04-04T20:47:30Z,0,GRACE,GRACE,,,,104602,,10000044,GRACE KENNEDY CO. LTD,2010-04-06,,750 ML,,,,635292006401386383,NULL,NULL,7540000000707,00055270765012\94,,NULL,0,0,1,0,636592287260308352,NULL,NULL,EA,NULL,NULL,NULL,NULL,NULL,NULL,NULL,NULL,NULL
95,00055270831441,95,635292006402026419,GRACE WATER COCONUT WITH PULP,GRACE EAU DE NOIX DE COCO AVEC PULPE,verified,,2013-04-04T16:32:09Z,0,GRACE,GRACE,,,,103001,,10000223,GRACE KENNEDY CO. LTD,2010-03-30,,330 ml,,,,635292006402026419,NULL,NULL,7540000000707,00055270831441\95,,NULL,0,0,1,0,636592287260428359,NULL,NULL,EA,NULL,NULL,NULL,NULL,NULL,NULL,NULL,NULL,NULL
96,00055270844311,96,635292006402566450,GRACE SOUP MIX CHICKEN NOODLE,GRACE MELANGE DE SOUPE POULET ET NOUILLES,verified,,2013-04-04T17:16:15Z,0,GRACE,GRACE,,,,104202,,10000262,GRACE KENNEDY CO. LTD,2010-03-30,,60 g,,,,635292006402566450,NULL,NULL,7540000000707,00055270844311\96,,NULL,0,0,1,0,636592287264828611,NULL,NULL,EA,NULL,NULL,NULL,NULL,NULL,NULL,NULL,NULL,NULL
97,00055270844328,97,635292006403156484,GRACE SOUP MIX FISH TEA,GRACE MELANGE DE SOUPE POISSON,verified,,2013-04-04T17:13:53Z,0,GRACE,GRACE,,,,104202,,10000262,GRACE KENNEDY CO. LTD,2010-03-30,,45 g,,,,635292006403156484,NULL,NULL,7540000000707,00055270844328\97,,NULL,0,0,1,0,636592287264948617,NULL,NULL,EA,NULL,NULL,NULL,NULL,NULL,NULL,NULL,NULL,NULL
98,00055270860144,98,635292006403686514,GRACE SUGAR ORGANIC COCONUT,GRACE SUCRE BIOLOGIQUE NOIX COCO,verified,,2013-12-23T21:08:06Z,0,GRACE,GRACE,,,,104501,,10000043,Grace Kennedy Co. Ltd,2013-12-02,,500 G,,,,635292006403686514,NULL,NULL,7540000000707,00055270860144\98,,NULL,0,0,1,0,636592287323221950,NULL,NULL,EA,NULL,NULL,NULL,NULL,NULL,NULL,NULL,NULL,NULL
99,00055270952146,99,635292006404776576,GRACE OATS INSTANT,GRACE GRUAU INSTANT,verified,,2013-04-04T16:41:32Z,0,GRACE,GRACE,,,,101102,,10000285,GRACE KENNEDY CO. LTD,2010-03-30,,1 kg,,,,635292006404776576,NULL,NULL,7540000000707,00055270952146\99,,NULL,0,0,1,0,636592287323331957,NULL,NULL,EA,NULL,NULL,NULL,NULL,NULL,NULL,NULL,NULL,NULL
100,00055270953389,100,635292006405456615,GRACE MILK CONDENSED SWEETENED,GRACE LAIT CONDENSE SUCRÉ,verified,,2013-02-22T20:16:24Z,0,GRACE,GRACE,,,,103101,,10000026,Grace Kennedy Co. Ltd,2010-03-30,,300 ML,,,,635292006405456615,NULL,NULL,7540000000707,00055270953389\100,,NULL,0,0,1,0,636592287323441963,NULL,NULL,EA,NULL,NULL,NULL,NULL,NULL,NULL,NULL,NULL,NULL
